{"cameraMode":{"drawMode":0,"name":"Shaded","section":"Shading Mode"},"sceneLighting":true,"audioPlay":false,"sceneViewState":{"showFog":true,"showMaterialUpdate":true,"showSkybox":true,"showFlares":true,"showImageEffects":true,"showParticleSystems":true},"in2DMode":false,"pivot":{"x":-1.4987671375274659,"y":-24.106834411621095,"z":50.771663665771487},"rotation":{"x":0.2670266926288605,"y":0.020422881469130517,"z":-0.004908052738755941,"w":0.9636179208755493},"size":81.07158660888672,"orthographic":false}