{"cameraMode":{"drawMode":0,"name":"Shaded","section":"Shading Mode"},"sceneLighting":false,"audioPlay":false,"sceneViewState":{"showFog":true,"showMaterialUpdate":true,"showSkybox":false,"showFlares":true,"showImageEffects":true,"showParticleSystems":true},"in2DMode":false,"pivot":{"x":1.0670047998428345,"y":0.48122525215148928,"z":-0.6121711134910584},"rotation":{"x":0.005369344260543585,"y":0.9559837579727173,"z":-0.01750360056757927,"w":0.2928970456123352},"size":2.9114649295806886,"orthographic":false}