{"cameraMode":{"drawMode":0,"name":"Shaded","section":"Shading Mode"},"sceneLighting":false,"audioPlay":false,"sceneViewState":{"showFog":true,"showMaterialUpdate":true,"showSkybox":false,"showFlares":true,"showImageEffects":true,"showParticleSystems":true},"in2DMode":false,"pivot":{"x":-1.1411757469177247,"y":2.321892738342285,"z":-7.234497547149658},"rotation":{"x":-0.003727099858224392,"y":0.9956957697868347,"z":-0.07216086238622666,"w":-0.05988318845629692},"size":1.357884168624878,"orthographic":false}