{"cameraMode":{"drawMode":0,"name":"Shaded","section":"Shading Mode"},"sceneLighting":true,"audioPlay":false,"sceneViewState":{"showFog":true,"showMaterialUpdate":true,"showSkybox":true,"showFlares":true,"showImageEffects":true,"showParticleSystems":true},"in2DMode":false,"pivot":{"x":-76.44727325439453,"y":4.670169830322266,"z":-43.74898147583008},"rotation":{"x":-0.019376927986741067,"y":-0.7893362641334534,"z":-0.02444233000278473,"w":0.6133670806884766},"size":132.31918334960938,"orthographic":false}